No,ESTUDIANTES,EVIDENCIA 1,EVIDENCIA 2,EVIDENCIA 3,Resumen,,,,,,,,,,,,,,,,,
C1,C2,C3,C4,C5,C6,C7,C8,C9,C10,Periodo,% Periodo,Periodo Rango,Global,% Global,Global Rango,,,,,,,
1,ANDRADE GARCIA NICOLAS Ver información del estudiante,,No,Si,No,No,,,,,,,,,0,1,10%,BAJO,0,1,10%,BAJO
2,BARRERO SANCHEZ LUCIO Ver información del estudiante,,Si,Si,Si,Si,,,,,,,,,0,4,40%,BAJO,0,4,40%,BAJO
3,CARDOZO BENINCORE JERONIMO Ver información del estudiante,,Si,Si,Si,Si,,,,,,,,,0,4,40%,BAJO,0,4,40%,BAJO
4,CHAVES CORREAL LUCIA Ver información del estudiante,,Si,Si,Si,Si,,,,,,,,,0,4,40%,BAJO,0,4,40%,BAJO
5,DE LEON CASTIBLANCO JUAN JOSE Ver información del estudiante,,Si,Si,Si,Si,,,,,,,,,0,4,40%,BAJO,0,4,40%,BAJO
6,ESCANDON CAMARGO SIMON Ver información del estudiante,,Si,Si,Si,No,,,,,,,,,0,3,30%,BAJO,0,3,30%,BAJO
7,GARCIA BECERRA MAXIMILIANO Ver información del estudiante,,Si,Si,Si,No,,,,,,,,,0,3,30%,BAJO,0,3,30%,BAJO
8,GARCIA VARELA JOSUE Ver información del estudiante,,Si,Si,Si,Si,,,,,,,,,0,4,40%,BAJO,0,4,40%,BAJO
9,GOMEZ BANDERA MIGUEL EDUARDO Ver información del estudiante,,Si,Si,Si,No,,,,,,,,,0,3,30%,BAJO,0,3,30%,BAJO
10,HERNÁNDEZ CASTAÑEDA ISABELLA Ver información del estudiante,,Si,Si,No,Si,,,,,,,,,0,3,30%,BAJO,0,3,30%,BAJO
11,MALDONADO LEMUS ANDRÉS CAMILO Ver información del estudiante,,Si,No,No,No,,,,,,,,,0,1,10%,BAJO,0,1,10%,BAJO
12,MOLINA RIVERA MANUEL ESTEBAN Ver información del estudiante,,Si,Si,Si,Si,,,,,,,,,0,4,40%,BAJO,0,4,40%,BAJO
13,OJEDA HURTADO JUAN FELIPE Ver información del estudiante,,Si,Si,Si,Si,,,,,,,,,0,4,40%,BAJO,0,4,40%,BAJO
14,OROZCO RODRIGUEZ LETICIA Ver información del estudiante,,Si,Si,No,Si,,,,,,,,,0,3,30%,BAJO,0,3,30%,BAJO
15,OSPINA RAMIREZ SANTIAGO Ver información del estudiante,,Si,Si,Si,Si,,,,,,,,,0,4,40%,BAJO,0,4,40%,BAJO
16,PARRA ORJUELA ANA MARIA Ver información del estudiante,,Si,Si,Si,Si,,,,,,,,,0,4,40%,BAJO,0,4,40%,BAJO
17,PELAEZ SIERRA ISABELLA Ver información del estudiante,,Si,Si,No,Si,,,,,,,,,0,3,30%,BAJO,0,3,30%,BAJO
18,RUBIANO ESPEJO MARTIN Ver información del estudiante,,Si,Si,Si,No,,,,,,,,,0,3,30%,BAJO,0,3,30%,BAJO
19,RUIZ MUÑOZ SARA Ver información del estudiante,,Si,Si,Si,No,,,,,,,,,0,3,30%,BAJO,0,3,30%,BAJO
20,TAPIAS LÓPEZ SANTIAGO Ver información del estudiante,,Si,Si,No,No,,,,,,,,,0,2,20%,BAJO,0,2,20%,BAJO
