No,ESTUDIANTES,EVIDENCIA 1,,,,EVIDENCIA 2,,,EVIDENCIA 3,,,Resumen,,,,,,,,,,,,,,
,,C1,C2,C3,C4,C5,C6,C7,C8,C9,C10,Periodo,,% Periodo,,Periodo Rango,,Global,,% Global,,Global Rango,,,,
1,ARIZA GOMEZ GABRIEL JOSE Ver información del estudiante,,Si,Si,No,Si,,,,,,,,,0,3,30%,,BAJO,,0,3,30%,,BAJO,
2,AYALA PALENIK PATRIK Ver información del estudiante,,Si,Si,No,No,,,,,,,,,0,2,20%,,BAJO,,0,2,20%,,BAJO,
3,BARON ROMERO EMILIO JOSE Ver información del estudiante,,Si,Si,Si,Si,,,,,,,,,0,4,40%,,BAJO,,0,4,40%,,BAJO,
4,BERMUDEZ CRISTANCHO JUANITA Ver información del estudiante,,No,No,No,No,,,,,,,,,0,0,0%,,,,0,0,0%,,,
5,BOGOTA ROMERO CAMILA Ver información del estudiante,,Si,No,Si,Si,,,,,,,,,0,3,30%,,BAJO,,0,3,30%,,BAJO,
6,CABALLERO HERNÁNDEZ MIGUEL ANGEL Ver información del estudiante,,Si,Si,Si,No,,,,,,,,,0,3,30%,,BAJO,,0,3,30%,,BAJO,
7,CAMARGO ABELLO SANTIAGO  ARTURO Ver información del estudiante,,Si,Si,Si,No,,,,,,,,,0,3,30%,,BAJO,,0,3,30%,,BAJO,
8,CERVANTES SOJO SAMUEL DAVID Ver información del estudiante,,Si,No,No,No,,,,,,,,,0,1,10%,,BAJO,,0,1,10%,,BAJO,
9,CONTRERAS SOSA GABRIELA Ver información del estudiante,,Si,Si,No,Si,,,,,,,,,0,3,30%,,BAJO,,0,3,30%,,BAJO,
10,DIAZ GARZON THOMAS ENRIQUE Ver información del estudiante,,Si,No,No,No,,,,,,,,,0,1,10%,,BAJO,,0,1,10%,,BAJO,
11,GALAN OSORIO GABRIEL HERNANDO Ver información del estudiante,,Si,Si,No,No,,,,,,,,,0,2,20%,,BAJO,,0,2,20%,,BAJO,
12,GIRALDO MARTINEZ MATIAS Ver información del estudiante,,No,No,No,No,,,,,,,,,0,0,0%,,,,0,0,0%,,,
13,GUEVARA POLANCO SAMUEL ANDRES Ver información del estudiante,,Si,No,No,No,,,,,,,,,0,1,10%,,BAJO,,0,1,10%,,BAJO,
14,HERNANDEZ CASTRO ANGEL FELIPE Ver información del estudiante,,No,No,No,No,,,,,,,,,0,0,0%,,,,0,0,0%,,,
15,JINETE MARIN LUCIANA Ver información del estudiante,,,,,,,,,,,,,,0,0,0%,,,,0,0,0%,,,
16,LOPEZ CASTRILLON CARLOS SAMUEL Ver información del estudiante,,Si,Si,Si,Si,,,,,,,,,0,4,40%,,BAJO,,0,4,40%,,BAJO,
17,MENDEZ CUERO ANTONIA Ver información del estudiante,,No,No,No,Si,,,,,,,,,0,1,10%,,BAJO,,0,1,10%,,BAJO,
18,MUÑOZ FONSECA SOFIA Ver información del estudiante,,Si,Si,No,No,,,,,,,,,0,2,20%,,BAJO,,0,2,20%,,BAJO,
19,MUÑOZ PINZON CARLOS ANDRES Ver información del estudiante,,No,Si,Si,Si,,,,,,,,,0,3,30%,,BAJO,,0,3,30%,,BAJO,
20,OSPINA RAMIREZ FELIPE Ver información del estudiante,,Si,Si,No,No,,,,,,,,,0,2,20%,,BAJO,,0,2,20%,,BAJO,
21,PABON GUTIERREZ EMMANUEL Ver información del estudiante,,No,Si,No,No,,,,,,,,,0,1,10%,,BAJO,,0,1,10%,,BAJO,
22,RINCON CASTAÑEDA TOMAS MAURICIO Ver información del estudiante,,Si,Si,Si,Si,,,,,,,,,0,4,40%,,BAJO,,0,4,40%,,BAJO,
