No.,Student Name,C1,C2,C3,C4,C5,C6,C7,C8,C9,C10,Total Periodo,% Periodo
1,ACOSTA MACIAS ERNESTO JOSE,Yes,Yes,Yes,Yes,,,,,,,4,100%
2,ALVAREZ OSPINA NICOLAS,Yes,Yes,Yes,Yes,,,,,,,4,100%
3,BARRIOS MEJIA SOFIA,Yes,Yes,Yes,No,,,,,,,3,75%
4,BRITO BELTRAN MARIA DANIELA,Yes,Yes,No,No,,,,,,,2,50%
5,CAMACHO GALINDO DANIEL FELIPE,Yes,Yes,No,No,,,,,,,2,50%
6,CAMARGO ROLDAN ALEJANDRO,Yes,Yes,Yes,No,,,,,,,3,75%
7,CAMPILLO GOMEZ TOMAS,Yes,Yes,Yes,Yes,,,,,,,4,100%
8,CLAVIJO GONZALEZ NICOLAS,Yes,Yes,Yes,Yes,,,,,,,4,100%
9,COLORADO PARRADO ANA ISABELLA,Yes,No,Yes,No,,,,,,,2,50%
10,FANTI RIVERA TAMARA,Yes,Yes,Yes,Yes,,,,,,,4,100%
11,LOZANO BARRENECHE SEBASTIAN,Yes,Yes,Yes,Yes,,,,,,,4,100%
12,MONGUI VARGAS MARIA JOSE,,,,,,,,,,,0,
13,NIETO GONZÁLEZ JUAN DIEGO,Yes,Yes,Yes,Yes,,,,,,,4,100%
14,ORTEGA GARZÓN MARIA PAZ,,,,,,,,,,,0,
15,OSPINA RAMIREZ NICOLAS,Yes,No,No,Yes,,,,,,,2,50%
16,PATIÑO GIRALDO LUCIANA,Yes,Yes,No,Yes,,,,,,,3,75%
17,PEDROZA GARZON JUAN MIGUEL,Yes,No,No,Yes,,,,,,,2,50%
18,QUINTERO LOPEZ JUANITA ROSARIO,No,No,No,Yes,,,,,,,1,25%
19,RODRIGUEZ RODRIGUEZ JUAN IGNACIO,Yes,Yes,Yes,Yes,,,,,,,4,100%
20,SANCHEZ STAHELIN ANTONIO,Yes,Yes,Yes,Yes,,,,,,,4,100%
21,SUTACHAN RINCON JUAN PABLO,No,Yes,No,Yes,,,,,,,2,50%
22,VARELA GARZON ISABELLA,,,,,,,,,,,0,
