No.,Student Name,Group,C1,C2,C3,C4,C5,C6,C7,C8,C9,C10,Total Periodo,% Periodo
1,ANDRADE GARCIA NICOLAS,10A-Evaluaciones Académicas Habilidades,No,Yes,No,No,,,,,,,1,25%
2,BARRERO SANCHEZ LUCIO,10A-Evaluaciones Académicas Habilidades,Yes,Yes,Yes,Yes,,,,,,,4,100%
3,CARDOZO BENINCORE JERONIMO,10A-Evaluaciones Académicas Habilidades,Yes,Yes,Yes,Yes,,,,,,,4,100%
4,CHAVES CORREAL LUCIA,10A-Evaluaciones Académicas Habilidades,Yes,Yes,Yes,Yes,,,,,,,4,100%
5,DE LEON CASTIBLANCO JUAN JOSE,10A-Evaluaciones Académicas Habilidades,Yes,Yes,Yes,Yes,,,,,,,4,100%
6,ESCANDON CAMARGO SIMON,10A-Evaluaciones Académicas Habilidades,Yes,Yes,Yes,No,,,,,,,3,75%
7,GARCIA BECERRA MAXIMILIANO,10A-Evaluaciones Académicas Habilidades,Yes,Yes,Yes,No,,,,,,,3,75%
8,GARCIA VARELA JOSUE,10A-Evaluaciones Académicas Habilidades,Yes,Yes,Yes,Yes,,,,,,,4,100%
9,GOMEZ BANDERA MIGUEL EDUARDO,10A-Evaluaciones Académicas Habilidades,Yes,Yes,Yes,No,,,,,,,3,75%
10,HERNÁNDEZ CASTAÑEDA ISABELLA,10A-Evaluaciones Académicas Habilidades,Yes,Yes,No,Yes,,,,,,,3,75%
11,MALDONADO LEMUS ANDRÉS CAMILO,10A-Evaluaciones Académicas Habilidades,Yes,No,No,No,,,,,,,1,25%
12,MOLINA RIVERA MANUEL ESTEBAN,10A-Evaluaciones Académicas Habilidades,Yes,Yes,Yes,Yes,,,,,,,4,100%
13,OJEDA HURTADO JUAN FELIPE,10A-Evaluaciones Académicas Habilidades,Yes,Yes,Yes,Yes,,,,,,,4,100%
14,OROZCO RODRIGUEZ LETICIA,10A-Evaluaciones Académicas Habilidades,Yes,Yes,No,Yes,,,,,,,3,75%
15,OSPINA RAMIREZ SANTIAGO,10A-Evaluaciones Académicas Habilidades,Yes,Yes,Yes,Yes,,,,,,,4,100%
16,PARRA ORJUELA ANA MARIA,10A-Evaluaciones Académicas Habilidades,Yes,Yes,Yes,Yes,,,,,,,4,100%
17,PELAEZ SIERRA ISABELLA,10A-Evaluaciones Académicas Habilidades,Yes,Yes,No,Yes,,,,,,,3,75%
18,RUBIANO ESPEJO MARTIN,10A-Evaluaciones Académicas Habilidades,Yes,Yes,Yes,No,,,,,,,3,75%
19,RUIZ MUÑOZ SARA,10A-Evaluaciones Académicas Habilidades,Yes,Yes,Yes,No,,,,,,,3,75%
20,TAPIAS LÓPEZ SANTIAGO,10A-Evaluaciones Académicas Habilidades,Yes,Yes,No,No,,,,,,,2,50%
1,ADARVE PARRA PABLO,10B-Evaluaciones Académicas Habilidades,Yes,Yes,Yes,Yes,,,,,,,4,100%
2,ALONSO MOYA MARIA JULIANA,10B-Evaluaciones Académicas Habilidades,Yes,Yes,No,No,,,,,,,2,50%
3,AMAYA BERNAL LUCIANA,10B-Evaluaciones Académicas Habilidades,Yes,No,No,No,,,,,,,1,25%
4,BARBOSA ANDRADE MARIANA,10B-Evaluaciones Académicas Habilidades,Yes,Yes,Yes,No,,,,,,,3,75%
5,CARRILLO CABRERA GERMAN ANDRES,10B-Evaluaciones Académicas Habilidades,Yes,Yes,No,Yes,,,,,,,3,75%
6,CHINOME ANGULO CAMILO,10B-Evaluaciones Académicas Habilidades,Yes,Yes,No,Yes,,,,,,,3,75%
7,DEL CAIRO BOLAÑOS PABLO JOSÉ,10B-Evaluaciones Académicas Habilidades,Yes,Yes,Yes,Yes,,,,,,,4,100%
8,FIGUEROA AGUIRRE SANTIAGO,10B-Evaluaciones Académicas Habilidades,No,No,No,No,,,,,,,0,0%
9,GARCIA BLANCO ANA MARIA,10B-Evaluaciones Académicas Habilidades,Yes,Yes,No,Yes,,,,,,,3,75%
10,GONZALEZ CERON DANIEL,10B-Evaluaciones Académicas Habilidades,No,Yes,Yes,Yes,,,,,,,3,75%
11,GUAMPE GRANADOS SOFIA,10B-Evaluaciones Académicas Habilidades,Yes,Yes,Yes,Yes,,,,,,,4,100%
12,GUEVARA MENDIETA JERONIMO,10B-Evaluaciones Académicas Habilidades,Yes,No,No,No,,,,,,,1,25%
13,JARAMILLO GONZALEZ NICOLAS,10B-Evaluaciones Académicas Habilidades,Yes,No,No,Yes,,,,,,,2,50%
14,MALDONADO BAQUERO JULIÁN ALEJANDRO,10B-Evaluaciones Académicas Habilidades,No,Yes,Yes,Yes,,,,,,,3,75%
15,MELO VALENCIA MATEO ANDRES,10B-Evaluaciones Académicas Habilidades,,,,,,,,,,,0,
16,MENDEZ RAMOS JUAN JOSE,10B-Evaluaciones Académicas Habilidades,Yes,Yes,No,Yes,,,,,,,3,75%
17,NIETO NUÑEZ JULIANA,10B-Evaluaciones Académicas Habilidades,Yes,No,No,No,,,,,,,1,25%
18,PARDO VARGAS GUILLERMO,10B-Evaluaciones Académicas Habilidades,Yes,Yes,Yes,Yes,,,,,,,4,100%
19,PEÑA RODRIGUEZ SILVANNA,10B-Evaluaciones Académicas Habilidades,Yes,Yes,No,No,,,,,,,2,50%
20,QUIROGA FORERO SAMANTHA,10B-Evaluaciones Académicas Habilidades,Yes,Yes,No,Yes,,,,,,,3,75%
21,RAMÍREZ BARRERO PEDRO MARTIN,10B-Evaluaciones Académicas Habilidades,Yes,No,No,No,,,,,,,1,25%
22,TRUJILLO TOBON ANA SOFIA,10B-Evaluaciones Académicas Habilidades,Yes,Yes,No,No,,,,,,,2,50%
23,ZAMUDIO PEREZ SIMON SANTIAGO,10B-Evaluaciones Académicas Habilidades,Yes,Yes,No,Yes,,,,,,,3,75%
1,ARIZA GOMEZ GABRIEL JOSE,10C-Evaluaciones Académicas Habilidades,Yes,Yes,No,Yes,,,,,,,3,75%
2,AYALA PALENIK PATRIK,10C-Evaluaciones Académicas Habilidades,Yes,Yes,No,No,,,,,,,2,50%
3,BARON ROMERO EMILIO JOSE,10C-Evaluaciones Académicas Habilidades,Yes,Yes,Yes,Yes,,,,,,,4,100%
4,BERMUDEZ CRISTANCHO JUANITA,10C-Evaluaciones Académicas Habilidades,No,No,No,No,,,,,,,0,0%
5,BOGOTA ROMERO CAMILA,10C-Evaluaciones Académicas Habilidades,Yes,No,Yes,Yes,,,,,,,3,75%
6,CABALLERO HERNÁNDEZ MIGUEL ANGEL,10C-Evaluaciones Académicas Habilidades,Yes,Yes,Yes,No,,,,,,,3,75%
7,CAMARGO ABELLO SANTIAGO ARTURO,10C-Evaluaciones Académicas Habilidades,Yes,Yes,Yes,No,,,,,,,3,75%
8,CERVANTES SOJO SAMUEL DAVID,10C-Evaluaciones Académicas Habilidades,Yes,No,No,No,,,,,,,1,25%
9,CONTRERAS SOSA GABRIELA,10C-Evaluaciones Académicas Habilidades,Yes,Yes,No,Yes,,,,,,,3,75%
10,DIAZ GARZON THOMAS ENRIQUE,10C-Evaluaciones Académicas Habilidades,Yes,No,No,No,,,,,,,1,25%
11,GALAN OSORIO GABRIEL HERNANDO,10C-Evaluaciones Académicas Habilidades,Yes,Yes,No,No,,,,,,,2,50%
12,GIRALDO MARTINEZ MATIAS,10C-Evaluaciones Académicas Habilidades,No,No,No,No,,,,,,,0,0%
13,GUEVARA POLANCO SAMUEL ANDRES,10C-Evaluaciones Académicas Habilidades,Yes,No,No,No,,,,,,,1,25%
14,HERNANDEZ CASTRO ANGEL FELIPE,10C-Evaluaciones Académicas Habilidades,No,No,No,No,,,,,,,0,0%
15,JINETE MARIN LUCIANA,10C-Evaluaciones Académicas Habilidades,,,,,,,,,,,0,
16,LOPEZ CASTRILLON CARLOS SAMUEL,10C-Evaluaciones Académicas Habilidades,Yes,Yes,Yes,Yes,,,,,,,4,100%
17,MENDEZ CUERO ANTONIA,10C-Evaluaciones Académicas Habilidades,No,No,No,Yes,,,,,,,1,25%
18,MUÑOZ FONSECA SOFIA,10C-Evaluaciones Académicas Habilidades,Yes,Yes,No,No,,,,,,,2,50%
19,MUÑOZ PINZON CARLOS ANDRES,10C-Evaluaciones Académicas Habilidades,No,Yes,Yes,Yes,,,,,,,3,75%
20,OSPINA RAMIREZ FELIPE,10C-Evaluaciones Académicas Habilidades,Yes,Yes,No,No,,,,,,,2,50%
21,PABON GUTIERREZ EMMANUEL,10C-Evaluaciones Académicas Habilidades,No,Yes,No,No,,,,,,,1,25%
22,RINCON CASTAÑEDA TOMAS MAURICIO,10C-Evaluaciones Académicas Habilidades,Yes,Yes,Yes,Yes,,,,,,,4,100%
1,ARENAS LOPEZ JUAN ESTEBAN,10D-Evaluaciones Académicas Habilidades,,,,,,,,,,,0,
2,FORERO SUAREZ MANUELA,10D-Evaluaciones Académicas Habilidades,Yes,Yes,No,Yes,,,,,,,3,75%
3,GALVIS VALERA VICTORIA SOFÍA,10D-Evaluaciones Académicas Habilidades,No,Yes,No,Yes,,,,,,,2,50%
4,GONZALEZ MOJICA SEBASTIÁN,10D-Evaluaciones Académicas Habilidades,Yes,Yes,No,Yes,,,,,,,3,75%
5,GUEVARA DIAZ ANDRES FELIPE,10D-Evaluaciones Académicas Habilidades,Yes,Yes,Yes,Yes,,,,,,,4,100%
6,GUTIERREZ BAYONA SAMUEL ESTEBAN,10D-Evaluaciones Académicas Habilidades,Yes,Yes,No,Yes,,,,,,,3,75%
7,GUTIÉRREZ URIBE FABIANA,10D-Evaluaciones Académicas Habilidades,Yes,Yes,Yes,No,,,,,,,3,75%
8,ILLIDGE TORRES DAVID,10D-Evaluaciones Académicas Habilidades,No,Yes,No,Yes,,,,,,,2,50%
9,LEON PALACIOS MARIANA,10D-Evaluaciones Académicas Habilidades,No,Yes,No,No,,,,,,,1,25%
10,MEDINA AYALA SOFIA,10D-Evaluaciones Académicas Habilidades,Yes,Yes,No,Yes,,,,,,,3,75%
11,PACHON VASQUEZ SARAH ISABEL,10D-Evaluaciones Académicas Habilidades,Yes,No,No,No,,,,,,,1,25%
12,PULIDO DEVIA MARÍA JOSÉ,10D-Evaluaciones Académicas Habilidades,,,,,,,,,,,0,
13,RODRIGUEZ ESTEVEZ VIOLETA,10D-Evaluaciones Académicas Habilidades,Yes,Yes,No,No,,,,,,,2,50%
14,ROMERO GAMARRA ALEJANDRO,10D-Evaluaciones Académicas Habilidades,No,Yes,Yes,No,,,,,,,2,50%
15,SALAZAR MURCIA GABRIELA,10D-Evaluaciones Académicas Habilidades,,,,,,,,,,,0,
16,SANCHEZ GONZALEZ LUCIANA EMILIA,10D-Evaluaciones Académicas Habilidades,Yes,Yes,Yes,Yes,,,,,,,4,100%
17,SUÁREZ CADENA MARTIN,10D-Evaluaciones Académicas Habilidades,Yes,Yes,No,No,,,,,,,2,50%
18,SUTACHAN GARAVITO LUCAS DANIEL,10D-Evaluaciones Académicas Habilidades,,,,,,,,,,,0,
19,TORRES RUIZ GABRIEL,10D-Evaluaciones Académicas Habilidades,No,Yes,Yes,Yes,,,,,,,3,75%
20,VILLAMIL VILLAMIL JUANITA,10D-Evaluaciones Académicas Habilidades,No,Yes,No,Yes,,,,,,,2,50%
1,ACOSTA MACIAS ERNESTO JOSE,10E-Evaluaciones Académicas Habilidades,Yes,Yes,Yes,Yes,,,,,,,4,100%
2,ALVAREZ OSPINA NICOLAS,10E-Evaluaciones Académicas Habilidades,Yes,Yes,Yes,Yes,,,,,,,4,100%
3,BARRIOS MEJIA SOFIA,10E-Evaluaciones Académicas Habilidades,Yes,Yes,Yes,No,,,,,,,3,75%
4,BRITO BELTRAN MARIA DANIELA,10E-Evaluaciones Académicas Habilidades,Yes,Yes,No,No,,,,,,,2,50%
5,CAMACHO GALINDO DANIEL FELIPE,10E-Evaluaciones Académicas Habilidades,Yes,Yes,No,No,,,,,,,2,50%
6,CAMARGO ROLDAN ALEJANDRO,10E-Evaluaciones Académicas Habilidades,Yes,Yes,Yes,No,,,,,,,3,75%
7,CAMPILLO GOMEZ TOMAS,10E-Evaluaciones Académicas Habilidades,Yes,Yes,Yes,Yes,,,,,,,4,100%
8,CLAVIJO GONZALEZ NICOLAS,10E-Evaluaciones Académicas Habilidades,Yes,Yes,Yes,Yes,,,,,,,4,100%
9,COLORADO PARRADO ANA ISABELLA,10E-Evaluaciones Académicas Habilidades,Yes,No,Yes,No,,,,,,,2,50%
10,FANTI RIVERA TAMARA,10E-Evaluaciones Académicas Habilidades,Yes,Yes,Yes,Yes,,,,,,,4,100%
11,LOZANO BARRENECHE SEBASTIAN,10E-Evaluaciones Académicas Habilidades,Yes,Yes,Yes,Yes,,,,,,,4,100%
12,MONGUI VARGAS MARIA JOSE,10E-Evaluaciones Académicas Habilidades,,,,,,,,,,,0,
13,NIETO GONZÁLEZ JUAN DIEGO,10E-Evaluaciones Académicas Habilidades,Yes,Yes,Yes,Yes,,,,,,,4,100%
14,ORTEGA GARZÓN MARIA PAZ,10E-Evaluaciones Académicas Habilidades,,,,,,,,,,,0,
15,OSPINA RAMIREZ NICOLAS,10E-Evaluaciones Académicas Habilidades,Yes,No,No,Yes,,,,,,,2,50%
16,PATIÑO GIRALDO LUCIANA,10E-Evaluaciones Académicas Habilidades,Yes,Yes,No,Yes,,,,,,,3,75%
17,PEDROZA GARZON JUAN MIGUEL,10E-Evaluaciones Académicas Habilidades,Yes,No,No,Yes,,,,,,,2,50%
18,QUINTERO LOPEZ JUANITA ROSARIO,10E-Evaluaciones Académicas Habilidades,No,No,No,Yes,,,,,,,1,25%
19,RODRIGUEZ RODRIGUEZ JUAN IGNACIO,10E-Evaluaciones Académicas Habilidades,Yes,Yes,Yes,Yes,,,,,,,4,100%
20,SANCHEZ STAHELIN ANTONIO,10E-Evaluaciones Académicas Habilidades,Yes,Yes,Yes,Yes,,,,,,,4,100%
21,SUTACHAN RINCON JUAN PABLO,10E-Evaluaciones Académicas Habilidades,No,Yes,No,Yes,,,,,,,2,50%
22,VARELA GARZON ISABELLA,10E-Evaluaciones Académicas Habilidades,,,,,,,,,,,0,
